{
  "MAE": 2579.7208210829926,
  "RMSE": 3311.176051498954,
  "R2": 0.720415815549238
}